index,mid,display_name
1,/m/03j1ly,"Emergency vehicle"
2,/m/012n7d,"Ambulance (siren)"
3,/m/04qvtq,"Police car (siren)"
4,/m/012ndj,"Fire engine, fire truck (siren)"
5,/m/07yv9,"Vehicle"
6,/m/012f08,"Motor vehicle (road)"
7,/m/0k4j,"Car"
8,/m/0912c9,"Vehicle horn, car horn, honking"
9,/m/07pggtn,"Chirp, tweet"
10,/m/07rknqz,"Skidding"
11,/m/0h9mv,"Tire squeal"
12,/t/dd00134,"Car passing by"
13,/m/0ltv,"Race car, auto racing"
14,/m/07r04,"Truck"
15,/m/05x_td,"Air horn, truck horn"
16,/m/04_sv,"Motorcycle"
17,/m/0btp2,"Traffic noise, roadway noise"
18,/m/0bt9lr,"Dog"
19,/m/03qtwd,"Crowd"
20,/m/06mb1,"Rain"
21,/m/0jb2l,"Thunderstorm"
22,/m/0ngt1,"Thunder"
23,/t/dd00013,"Children playing"
24,/m/07pbtc8,"Walk, footsteps"
25,/m/07jdr,"Train"
26,/m/0l156k,"Whistle"
27,/m/01bjv,"Bus"
28,/m/0gy1t2s,"Bicycle bell"
29,/m/05zppz,"Male speech, man speaking"
30,/m/02zsn,"Female speech, woman speaking"
31,/m/0ytgt,"Child speech, kid speaking"
32,/m/03m9d0z,"Wind"
33,/m/09ct_,"Helicopter"
34,/m/01h8n0,"Conversation"
35,/m/053hz1,"Cheering"
36,/m/0g6b5,"Fireworks"
37,/m/03p19w,"Jackhammer"
38,/m/01b82r,"Sawing"
39,/m/01d380,"Drill"
40,/m/0l15bq,"Clapping"
41,/m/04rlf,"Music"
42,/m/028v0c,"Silence"
43,/m/05tny_,"Bark"
44,/m/03w41f,"Church bell"